id,name,display_flag
1,"中出し",1
2,"巨乳",1
3,"人妻",1
4,"素人",1
5,"ギャル",1
6,"オナニー",1
7,"クンニ",1
8,"潮吹き",1
9,"熟女",0
10,"ロリ",1
11,"くぱぁ",0
12,"盗撮",1
13,"自画撮り",0
14,"アイドル",0
15,"ナース",1
16,"お姉さん",1
17,"顔射",1
18,"ハメ撮り",1
19,"騎乗位",1
20,"手コキ",1
21,"足コキ",0
22,"顔面騎乗",1
23,"パイパン",1
24,"女子校生",1
25,"絶頂",1
26,"美人",1
27,"美少女",1
28,"手マン",1
29,"フェラ",1
30,"美乳",1
31,"爆乳",1
32,"貧乳",1
33,"微乳",1
34,"ぶっかけ",1
35,"レイプ",1
36,"レズ",1
37,"バイブ",1
38,"フェチ",1
39,"パイズリ",1
40,"マンコ",0
41,"おしっこ",0
42,"アニメ",1
43,"アナル",0
44,"痴女",1
45,"乱交",1
46,"トイレ",1
47,"清純",1
48,"ライブチャット",0
49,"メイド",1
50,"モデル",0
51,"制服",1
52,"エステ",0
53,"マッサージ",1
54,"ぽっちゃり",1
55,"めがね",1
56,"3P",1
57,"CA",0
58,"M男",1
59,"OL",1
60,"SM",1
61,"お尻",1
62,"お母さん",1
63,"ふたなり",0
64,"イラマチオ",1
65,"カップル",0
66,"コスプレ",0
67,"スカトロ",0
68,"ソープ",0
69,"ナンパ",0
70,"逆ナン",0
71,"ニューハーフ",0
72,"妹",0
73,"娘",1
74,"家庭教師",0
75,"恥辱",0
76,"教師",0
77,"水着",1
78,"スクール水着",0
79,"温泉",0
80,"逆レイプ",1
81,"痴漢",1
82,"童貞",0
83,"野外",1
84,"露出",0
85,"金髪",0
86,"長身",0
87,"風俗嬢",0
88,"風呂",1
89,"ニーソ",1
90,"個人撮影",0
91,"処女",0
92,"女教師",0
93,"2穴",0
94,"カーセックス",0
95,"ハプニング",0
96,"バイオレンス",1
97,"男湯",0
98,"面接",0
99,"調教",1
100,"輪姦",1
101,"近親相姦",1
102,"拘束",1
103,"拡張",0
104,"拷問",1
105,"白人",0
106,"お父さん",0
107,"グロ",0
108,"軟体",0
109,"ゲイ",0
110,"黒人",0
111,"流出",0