name,path
"カーニバル","art"
"Girls and B","artmode"
"ガールズスタイル","cinema"
"GIRL's BLUE","ienergy"
"楓","itturbo"
"学園舎","ibworks"
"革命","iloveshirouto"
"赫夜姫映像","island"
"笠倉出版社","iring"
"火星魂","audaz"
"カマタ映像","outside"
"神威企画","bluesky"
"亀","academic"
"カレス・コミュニケーションズ","aknr"
"姦姦倶楽部","acceed"
"監禁恥育","axis"
"関西マニア倶楽部","actnet"
"官能映像舎","athlete"
"甘美会FemDomWorld","apple"
"姦乱者","athena"
"韓流エロス","atom"
"ギガ","atlas"
"危機に陥った女たち","atlantis"
"紀州書店","ana"
"北川プロ","anae"
"奇譚クラブ","animac"
"鬼畜外伝","anymate"
"GagPara","apache"
"GARCON","afrofilm"
"ギャロップ","amateur"
"キャンドゥ","amateurbank"
"QH映像","amayuri"
"キリン堂","around"
"Qapple","arena"
"クイーンズバーン","arrius"
"クインズビデオ","aralive"
"くすぐリングス","alpha"
"クソミル","alex"
"グラスウォール","arrow"
"クラスタープロダクション","aroma"
"GRAB","emuse"
"グラマラスキャンディ","yvonne"
"CREEP","exgays"
"GreeeN apple","1113kb"
"グリーンベル","ichigo"
"クリスタル映像","109k"
"グリップAV","inoshikacho"
"CRAZY MANIA","image"
"グレイズ","inout"
"クローズマーケット","weekender"
"グローバルメディアエンタテインメント","woman"
"グローリークエスト","uchu"
"群雄社","ultrasole"
"Gay制作委員会","ultrabody"
"ゲインコーポレーション","visualjapan"
"KEU","vip"
"KTファクトリー","hmp"
"ケー・トライブ","h2"
"Kplus","eighteen"
"激クラッシュ ふみ潰され隊","eiten"
"激弾カーニバル","asj"
"幻奇","apa"
"GEN’s LABO","av"
"現代写楽","avs"
"ゲンマ","avs2"
"CORE","actress"
"恋する花嫁","avstation"
"光夜蝶","avmarket"
"五右衛門","ecstasy"
"ゴーゴーズ","ssv"
"コージィ","smplaylive"
"ココアソフト","sow"
"コスモス映像","sodcreate"
"小林興業","skyu"
"ご無体ドキュメント","scute"
"COLT","sdoll"
"コンテンツアウェイ","hrc"
"コンテンツパートナーズ","epicurean"
"コンバットゾーン","fanda"
